Code;Gencod;Long_Name;Short_Name;VAT_Code;Purchase_Price;Nomenclature;SousFamilleDistri_Code;FamilleDistri_Code;Categorie_Code
NULL;3228470034043;L?OR ESPRESSO 10CAPS SUPREMO  ;L?OR ESPRESSO ;1 ;2.43;0105011005;37;30 ;3 
120240;8712100530463;250G PLANTA FIN               ;250G PLANTA FI;2 ;0.83;0225300510;10;419;3 
004862;0000000004862;(MT)ABRICOT FR                ;ABRICOT FR    ;1 ;1.45;0230349900;91;440;ZZ
013126;5449000053565;1L5 COCA COLA LIGHT           ;1L5 COCA COLA ;1 ;1.3;0110100505;20;300;3 
004631;0000000004631;(FL)SALADE LAITUE             ;SALADE LAITUE ;1 ;0.58;0230359900;93;450;ZZ
624333;3368958362203;315G CONF.FRAISE PERIGOR U SAV;315G CONF.FRAI;1 ;1.51;0105012505;10;200;15
542565;0000087157246;460G KETCHUP TOP DOWN HEINZ   ;460G KETCHUP T;1 ;1.41;0105034010;35;140;3 
135732;3256221135732;70 DISQUE A DEMAQUILLER RO(CU);70 DISQUE A DE;2 ;0.29;0120162505;12;670;ZZ
010013;3068320040127;6X150CL PACK EVIAN            ;6X150CL PACK E;1 ;2.93;0110103005;12;320;3 
347460;8711200607396;350G VIENNETTA BISC CR BRULEE ;350G VIENNETTA;1 ;1.9;0215251005;10;410;3 
412134;3368954000611;1/2 CASSOULET CONFI.CANA U SAV;1/2 CASSOULET ;1 ;2.18;0105051510;22;240;15
005084;3256224755623;570G PIZZA ROYALE C/PIERRE U  ;570G PIZZA ROY;1 ;1.82;0215240505;11;390;8 
520741;3242274002053;320G SALADE ANTIBES           ;320G SALADE AN;1 ;2.65;0240391520;53;380;3 
056629;8711600409880;200ML REXONA DEO ATO MUSK     ;200ML REXONA D;2 ;1.99;0120152005;50;650;3 
017968;8076809513692;400G  SAUCE NAPOLITAIN BARILLA;400G  SAUCE NA;1 ;1.11;0105034510;90;140;3 
411560;3256224234487;6X1L LAIT ENTIER UHT U BK     ;6X1L LAIT ENTI;1 ;4.29;0225321005;40;90 ;8 
418499;3256220711197;16 SUCETTES BOULES ASSORTIS U ;16 SUCETTES BO;2 ;0.99;0105022515;95;70 ;8 
NULL;3056440083193;CHIPSTER PETALE SALE LU PQ 75G;CHIPSTER PETAL;1 ;0.77;0105020505;15;20 ;3 
186123;3011932000829;100CLX14.4* MARTINI BLANC     ;100CLX14.4* MA;2 ;6.84;0110120515;20;360;3 
578744;3523230026383;150G CHEVRE NAT. SOIGNON 17%MG;150G CHEVRE NA;1 ;1.63;0225282505;15;420;3 
038752;3256223669815;4X90G GOURD.COMPOTE POMM U BIO;4X90G GOURD.CO;1 ;1.33;0105061010;85;200;11
614582;3047360801066;200G CORNED BEEF 7 OZ HEREFORD;200G CORNED BE;1 ;1.52;0105050505;40;230;3 
418839;3660992006885;1L PUR JUS RAISIN BIEN VU     ;1L PUR JUS RAI;1 ;0.72;0110101505;34;300;9 
525686;8712100872273;160G MOUTARDE FINE/FORT MAILLE;160G MOUTARDE ;1 ;1.05;0105034005;30;140;3 
501218;5411633330054;33CL BIERE BLANCHE DE  NAMUR  ;33CL BIERE BLA;2 ;1.06;0110102005;35;310;3 
044915;3165959213028;2X1/6 THON SCE CATALANE SAUPIQ;2X1/6 THON SCE;1 ;1.8;0105051005;20;220;3 
NULL;3220035150007;1KG SUCRE POUDRE              ;1KG SUCRE POUD;1 ;1.0;0105031505;30;190;ZZ
410289;3256220321501;200G CAFE EXT.FILTRE LYOPHIL.U;200G CAFE EXT.;1 ;3.17;0105011015;39;30 ;8 
232584;3279231182008;2X160G YAOURT CREME MARRON    ;2X160G YAOURT ;1 ;1.46;0225291030;12;418;3 
627844;3045670006249;BOX PAP CADEAU ROCHER CRECHE  ;BOX PAP CADEAU;2 ;1.29;0305600505;10;600;3 
567612;8003340091303;337G BOULES LINDOR LAIT CORNET;337G BOULES LI;1 ;2.92;0105024020;34;61 ;ZZ
017918;8076808060654;500G  FARFALLE         BARILLA;500G  FARFALLE;1 ;0.77;0105042015;12;110;3 
120517;3160920501401;50 PANSEMENTS FAMILLE ASSORTIS;50 PANSEMENTS ;2 ;1.96;0120170505;10;671;3 
188442;8714789158693;BAD ZIG ZAG MEDIUM            ;BAD ZIG ZAG ME;2 ;1.35;0120151015;36;650;3 
004139;0000000004139;(MT)POMME GRANNY 200/240      ;POMME GRANNY 2;1 ;1.65;2051805000;91;440;ZZ
173243;3023292266005;500G GATEAU RIZ         NESTLE;500G GATEAU RI;1 ;1.51;0225291005;36;418;3 
270980;3599740002346;250G 6 CREPES ROULE JAM/CHAMP ;250G 6 CREPES ;1 ;1.41;0215241005;15;390;3 
620321;3760216980189;1.83L LESS TRAD BICARBON M.NET;1.83L LESS TRA;2 ;3.61;0115130505;15;500;3 
NULL;5000161032433;4X85G PORTION REPAS GOURMET P ;4X85G PORTION ;2 ;1.46;0105081005;28;270;3 
434348;3256220239974;5L BIB COTE/RHONE AOC ROUGE U ;5L BIB COTE/RH;2 ;10.95;0110111010;13;340;8 
004040;0000000004040;(MT)PRUNE NOIRE UB RONDE 40+  ;PRUNE NOIRE UB;1 ;2.0;0105012000;91;440;ZZ
209214;3215774012570;100ML CR.DEPILAT PX SENS VEET ;100ML CR.DEPIL;2 ;2.54;0120153010;95;650;3 
437639;3368956838908;75CL V/OC MERLOT RG U SAVEURS ;75CL V/OC MERL;2 ;2.04;0110110510;10;340;15
235702;5010034514003;250G RIZ LONG GRAIN 2MN UNCLE ;250G RIZ LONG ;1 ;1.08;0105041505;55;120;3 
454673;3256220269728;200G GUACAMOLE U              ;200G GUACAMOLE;1 ;1.47;0240401530;4 ;491;8 
585416;3041090505942;4X130G POM/PRUNEAU POTS FRUITS;4X130G POM/PRU;1 ;2.28;0105070505;30;250;3 
063228;3124480230003;6X33CL BOITE OASIS ORANGE     ;6X33CL BOITE O;1 ;2.71;0110100515;21;300;3 
415108;3256222645025;750ML ASS.ULTRA SOURCEFRAICH U;750ML ASS.ULTR;2 ;0.94;0115130510;31;500;8 
NULL;3256220440257;375G CORN FLAKES 8 VIT+FER U  ;375G CORN FLAK;1 ;0.66;0105012010;20;40 ;8 
193811;3228851000582;330G 8 DOOWAP PEPITE CHOC     ;330G 8 DOOWAP ;1 ;1.44;0210220520;93;20 ;3 
NULL;8000500024065;FERRERO ROCHER  CONE T28 350GR;FERRERO ROCHER;1 ;6.62;0105021505;30;60 ;ZZ
418855;3256220022712;268G CHOCO ET LAIT POCKET U   ;268G CHOCO ET ;1 ;1.56;0105021005;38;20 ;8 
474932;3256221115512;1L PUR JUS D ANANAS U         ;1L PUR JUS D A;1 ;1.53;0225291020;45;418;8 
410823;3256225472123;FILM ETIRABLE 2EN1 20 METRES U;FILM ETIRABLE ;2 ;0.4;0115141005;65;510;8 
122616;3177710001416;PQ 500G FRUCTOSE VIVIS        ;PQ 500G FRUCTO;1 ;2.23;0105071505;90;260;3 
410718;3256223740200;70CL CREME DE CASSIS 16° U    ;70CL CREME DE ;2 ;3.34;0110121025;40;370;8 
201761;3046920043380;TAB 150G LINDT IRISH COFFEE   ;TAB 150G LINDT;2 ;1.73;0105021510;35;60 ;3 
125745;3273220539903;4X120G Y. BREBI NATUR BIO VRAI;4X120G Y. BREB;1 ;2.0;0225291525;70;418;3 
360507;7613034638625;KUB OR FAMILIAL      8L  MAGGI;KUB OR FAMILIA;1 ;1.03;0105035005;10;130;3 
072340;3455090023496;75CL CUVEE MAISON ROSE        ;75CL CUVEE MAI;2 ;1.26;0110110505;31;330;4 
422951;3387620030066;330G SAUCISSE SUPERIEURE      ;330G SAUCISSE ;1 ;2.6;0255474805;21;486;3 
442985;3256224231509;20CL CREME FRAICHE EPAISSE U  ;20CL CREME FRA;1 ;0.5;0225292505;30;419;8 
186238;8429874232027;165G BROCH CONDIMENTS PIQUANTS;165G BROCH CON;1 ;1.49;0105033505;10;150;3 
467244;3256220666589;160G 4 TR BLANC DE POULET U   ;160G 4 TR BLAN;1 ;1.05;0240381550;18;380;8 
632718;3256222245218; 145G CLUB POULET CRUDITES U  ; 145G CLUB POU;1 ;0.71;0240391505;52;380;8 
444571;3256224310303;200G EDAM TRANCHETTES 24%MG U ;200G EDAM TRAN;1 ;1.13;0225281515;8 ;420;8 
033532;3178530411164;14 CREPES BRETONNES ST MICHEL ;14 CREPES BRET;1 ;1.31;0210230000;95;20 ;3 
209353;3059940006839;1L GEL EXPRESS DESTOP         ;1L GEL EXPRESS;2 ;1.81;0115131530;50;510;3 
513053;3256222254227;550ML VINAIG.VIN/ECHALOTE HO U;550ML VINAIG.V;1 ;1.48;0105032510;47;140;8 
397538;3272036002182;70CL SIROP TRAD RECETTE PROVEN;70CL SIROP TRA;1 ;2.01;0110101005;62;300;3 
528600;3068110703232;1KG FARINE SUPREME T45        ;1KG FARINE SUP;1 ;1.43;0105031005;20;100;3 
598891;3256224354987;262G 4 BATONNET.CHOCO/NOISET.U;262G 4 BATONNE;1 ;1.24;0215252505;21;410;8 
689943;3600550119220;150ML GEL COIF VIVEL TURBO    ;150ML GEL COIF;2 ;2.86;0120150510;40;640;3 
733213;3256224066583;X80 BOITE MOUCHOIRS LOTION U  ;X80 BOITE MOUC;2 ;0.62;0120162005;20;670;8 
313128;3181232172448;120G SAUCE F GRAS CHARAL      ;120G SAUCE F G;1 ;1.48;0255477005;33;419;3 
001307;3256224118510;400G NUGGETS FILET DE POULET U;400G NUGGETS F;1 ;1.98;0250469505;60;460;8 
330497;3147690070405;FLASK 20CLX37.5* VODKA POLIAKO;FLASK 20CLX37.;2 ;2.55;0110121010;5 ;370;3 
534601;3256222990330;4 TAMPONS SUR EPONGE ROUGE U  ;4 TAMPONS SUR ;2 ;0.96;0115140505;90;510;8 
439940;3256223631218;75CL PORTO TAWNY U 19°        ;75CL PORTO TAW;2 ;4.53;0110120535;60;360;8 
003812;3017800016862;1/2 HARICOT VERT EXT/FIN DAUCY;1/2 HARICOT VE;1 ;0.74;0105043505;20;210;3 
NULL;3542820008530;GNOCCHI 1KG                   ;GNOCCHI 1KG   ;1 ;1.6;0240390505;34;380;4 
699697;5998749108598;60G LES IRRES.WHI C/BOULE POIL;60G LES IRRES.;2 ;0.85;0105082010;40;270;3 
408274;3068328018005;150ML BRUMISATEUR EVIAN       ;150ML BRUMISAT;2 ;1.89;0120153005;10;660;3 
360523;3033710083107;BOUILLON BOEUF FAMIL 4L  MAGGI;BOUILLON BOEUF;1 ;0.96;0105052015;10;130;3 
266787;7613034528971;425ML X 5 POP UP SMARTIES     ;425ML X 5 POP ;1 ;2.35;0215253005;40;410;3 
453928;3256224310471;200G BRIQUE VACHE 32%MG U     ;200G BRIQUE VA;1 ;1.28;0225280505;4 ;420;8 
745799;3487400000415;4X125G SACHETS EBLY 10MN      ;4X125G SACHETS;1 ;1.4;0105041010;40;100;3 
670245;3517460322100;135G TETES BRULEES POMME VERQU;135G TETES BRU;2 ;1.23;0105022505;10;70 ;3 
188272;3183941148103;1L ALCOOL MENAGER CITRON      ;1L ALCOOL MENA;2 ;1.84;0320751005;40;530;3 
644163;3700281100204;DECORATION NOEL 2 ¤           ;DECORATION NOE;2 ;1.34;0305601025;30;600;ZZ
675467;3256221675467;200ML GAR PEAUX SENS.ATO(CU)  ;200ML GAR PEAU;2 ;1.21;0120151510;35;660;ZZ
597691;4009900467421;5X10 FREEDENT MENTHE LEGERE   ;5X10 FREEDENT ;2 ;1.72;0105023005;90;70 ;3 
NULL;3256220497138;COMPOTE POMMES ALLE.U BIO 650G;COMPOTE POMMES;1 ;1.46;0105061015;90;200;8 
726266;3451790879913; 2X250G BEURRE TEND DOUX EL&V ; 2X250G BEURRE;1 ;2.73;0225311005;3 ;419;ZZ
478114;3660992115006;1L HUILE DE TOURNESOL BIEN VU ;1L HUILE DE TO;1 ;1.17;0105032005;40;170;9 
475166;3256220870863;500G CREVET.NORDIQ 120/180 U  ;500G CREVET.NO;1 ;3.18;0215242510;40;390;8 
286737;3587221227609;600G CHINOIS A LA CREME PAT   ;600G CHINOIS A;1 ;2.05;0210220515;94;20 ;3 
025458;8410076470553;395G SAUCE A CUISINE FAJITAS  ;395G SAUCE A C;1 ;1.65;0105071015;18;240;3 
515592;3183280012837;800 G BICARBONATE SOUD ALIMENT;800 G BICARBON;1 ;1.66;0105033015;40;80 ;3 
444555;3256224310273;200G EMMENTAL TRANCHET.29%MG U;200G EMMENTAL ;1 ;1.03;0225284005;9 ;420;8 
452736;3368953545274;200G MAROILLES QUART U SAV    ;200G MAROILLES;1 ;1.64;0225280510;5 ;420;15
425616;3256221672657;BONDE UNIVERS. A/CHAINE U MAIS;BONDE UNIVERS.;2 ;0.84;0305571505;20;540;8 
031328;3133200094580;8 RLX PAP/TOIL BLC LOTUS CONF ;8 RLX PAP/TOIL;2 ;2.23;0120163005;30;670;3 
815005;3173287815005;470G PAPILLOTES F(CU)         ;470G PAPILLOTE;1 ;1.99;0105024010;18;61 ;ZZ
390188;3256221011319;500G GRAINE COUSCOUS MOYEN U  ;500G GRAINE CO;1 ;0.48;0105041005;40;100;8 
610994;3088865205256;300G SAVANE CHOCOLAT ORIGINAL ;300G SAVANE CH;1 ;1.64;0105021010;50;20 ;3 
367064;3542820367064;MOUSSE FORESTIERE (CU)        ;MOUSSE FORESTI;1 ;1.5;0245423545;12;475;ZZ
NULL;3256220513715;LEVURE BOULANGERE U ETUI 6X5G ;LEVURE BOULANG;1 ;0.37;0105030520;40;80 ;8 
547426;3162050028070;40 CAISSETTES ASSORTIES       ;40 CAISSETTES ;2 ;0.9;0105030505;40;80 ;3 
007531;3180940080830;2X50G MOUSSE DE FOIE MADRANGE ;2X50G MOUSSE D;1 ;0.71;0240381510;40;380;3 
968444;5410316947053;70CL SMIRNOFF ICE 4°          ;70CL SMIRNOFF ;2 ;2.24;0110102020;20;310;3 
730825;3178047071004;FL 1L  TERRA BRILLANCE        ;FL 1L  TERRA B;2 ;2.1;0115131545;30;510;3 
080115;4008429694608;SAC 10L LITIERE CATSAN        ;SAC 10L LITIER;2 ;3.33;0105081505;38;270;3 
554782;3256224235705;4X100G FGE FRAIS MOUSSE CREM U;4X100G FGE FRA;1 ;1.17;0225291010;5 ;418;8 
664896;8001665128032;250G GD RAVIOLI CEPES RANA    ;250G GD RAVIOL;1 ;1.82;0240390515;35;380;3 
380468;3251248032606;250ML SHAMP PTT MA KARITE MIEL;250ML SHAMP PT;2 ;1.81;0120150525;10;640;3 
410564;3256223624326;1L PASTIS DE MARSEILLE 45° U  ;1L PASTIS DE M;2 ;11.57;0110120510;10;360;8 
903478;3256221949599;12 PAPIER TOIL.ROSE 3 PLIS U  ;12 PAPIER TOIL;2 ;1.94;0120163010;30;670;8 
445365;3256224310211;250G MOZZARELLA 18%MG U       ;250G MOZZARELL;1 ;1.13;0225284510;27;420;8 
370764;3256540001121;400G GALETTE POMME PASQUIER   ;400G GALETTE P;1 ;2.34;0210230515;94;20 ;ZZ
071742;3256225038589;200ML DISSOLV.WELL PUMP BY U  ;200ML DISSOLV.;2 ;0.88;0120153015;93;650;8 
416324;3256225500871;PELLE+BALAYETTE BI-MATIERE U  ;PELLE+BALAYETT;2 ;1.86;0305580515;80;510;8 
280600;3023290170007;6X60G PETIT NESQUICK CHOCOLAT ;6X60G PETIT NE;1 ;1.16;0225290510;29;418;3 
556027;3256221128277;4 COUPELLES FRUITS PÊCHES U   ;4 COUPELLES FR;1 ;1.49;0105060505;75;200;8 
503545;3256226504151;LAMES UNIVERSELLE.PLUS BY UX10;LAMES UNIVERSE;2 ;0.88;0120151515;37;660;8 
270590;3230890016752;250G COQ AILES NATURE M.COQ   ;250G COQ AILES;1 ;2.16;0250469510;60;460;3 
600559;3254950008068;300G GAUFRE LIEG.CHOCO X5     ;300G GAUFRE LI;1 ;1.03;0210231050;95;20 ;3 
455394;3660992003105;520G 4 ROULES FROMAGE BIEN VU ;520G 4 ROULES ;1 ;1.7;0240391035;51;380;9 
NULL;3600550240078;USHUAIA DCHE. 250ML  SAV N ARG;USHUAIA DCHE. ;2 ;1.4;0120152510;20;650;3 
004450;0000000004450;CLEMENTINE CORSE              ;CLEMENTINE COR;1 ;2.25;0230343600;10;445;ZZ
756338;3256226756338;30 PROTEGE-SLIP UTRA-MIN(CU)  ;30 PROTEGE-SLI;2 ;0.59;0120160510;50;670;ZZ
001048;3256224759461;THE NOIR FRUIT.EXOTIQUES U X25;THE NOIR FRUIT;1 ;0.73;0105011510;40;50 ;8 
272055;3163937016203;20CLX45° RICARD FLASQ BLISTER ;20CLX45° RICAR;2 ;4.04;0110121005;5 ;370;3 
446785;3660992320059;200G LARDONS SALES BIEN VU    ;200G LARDONS S;1 ;0.7;0240380510;32;380;9 
665567;3760074440030;125G ROQUETTE POUSSE DE STEF  ;125G ROQUETTE ;1 ;0.9;0230350401;22;450;4 
195057;8076800195057;500G  SPAGHETTI   NO 5 BAR(CU);500G  SPAGHETT;1 ;0.68;0105042005;12;110;ZZ
024428;7613034897503;210G 6 KNACKI HERTA           ;210G 6 KNACKI ;1 ;1.0;0240381015;31;380;3 
722791;3152210226262;SPIRALE A/MOUST.GERAN.CATCHX10;SPIRALE A/MOUS;2 ;0.95;0115142505;64;510;3 
019114;3033491024481;4X125G ACTIVIA ARO VANILLE    ;4X125G ACTIVIA;1 ;1.14;0225291510;19;418;3 
445250;3256224701576;1KG COURGETTES RONDELLES U    ;1KG COURGETTES;1 ;0.86;0215244005;21;390;8 
605800;8436049651842;100G SALAMI EXTRA TR 1.50E    ;100G SALAMI EX;1 ;0.98;0240410505;10;380;1 
477590;3256221175189;730G ETUI TABOULE U           ;730G ETUI TABO;1 ;1.16;0105051505;14;240;8 
856172;8014138856172;SOJA BARQUETTE (CU)           ;SOJA BARQUETTE;1 ;1.4;0230350301;20;450;ZZ
503197;3023290400333;4X120G SMARTIES FRAISE NESTLE ;4X120G SMARTIE;1 ;1.49;0225290520;26;418;3 
443460;3256224632184;180G 4 TR JBON CUIT SUP. AC U ;180G 4 TR JBON;1 ;1.2;0240381555;30;380;8 
431748;3256220172318;225G PTIT PAINS GRILLES SSAJ U;225G PTIT PAIN;1 ;0.59;0105010505;30;10 ;8 
123361;3465410004029;450G FRAMBOISE SURGELE        ;450G FRAMBOISE;1 ;2.71;0215253505;10;395;4 
509664;3256225074815;LINGETTES POMME U REC.X40     ;LINGETTES POMM;2 ;0.63;0115131510;35;510;8 
521682;4007993012306;185ML POT TOBLERONE           ;185ML POT TOBL;1 ;1.61;0215252005;10;410;3 
429107;3660992075003;4X125G PUREE NATURE BIEN VU   ;4X125G PUREE N;1 ;0.73;0105041020;30;100;9 
163874;7613035024236;270 G KIT KAT SEXTO           ;270 G KIT KAT ;2 ;1.68;0105022005;40;60 ;3 
088621;4046719088621;30ML TUBE COLLE GEL UNIVER(CU);30ML TUBE COLL;2 ;0.78;0310612505;40;610;ZZ
479013;3256221096033;SAVON PAPAYE/MANGUE BY U 100GR;SAVON PAPAYE/M;2 ;0.54;0120152515;10;650;10
226884;3760049790818;340G BAGUETTE VIENNOISE FENDUE;340G BAGUETTE ;1 ;1.27;0210210525;91;20 ;3 
055485;4008429055485;1.5KG FROLIC BOEUF CAR&CER(CU);1.5KG FROLIC B;2 ;2.38;0105081015;14;270;ZZ
NULL;4015000417471;20G TUBE MULTI USAGE PATTEX   ;20G TUBE MULTI;2 ;1.19;0320750525;40;610;3 
521048;3178530405743;475G QUATRE QUART CHOCO BM    ;475G QUATRE QU;1 ;2.19;0210230505;50;20 ;3 
445983;3256224242628;16X125G YAOURT MX FRUITS U    ;16X125G YAOURT;1 ;2.68;0225291025;17;418;8 
696152;6922532828294;28G ALG.GRILL.SUSHI MORI OISH ;28G ALG.GRILL.;1 ;1.54;0105071010;16;240;3 
446913;3660992000395;250G SALADE MELANGEE BIEN VU  ;250G SALADE ME;1 ;0.53;0230350506;21;450;9 
NULL;3038350011305;PANZANI VERMICELLE CH.ANGE500G;PANZANI VERMIC;1 ;0.43;0105042025;10;110;3 
952061;5060335632623;50CL MONSTER ROSSI NRJ DOCTOR ;50CL MONSTER R;1 ;1.13;0110100510;22;300;3 
575657;3256223379035;SERV.MAXI NORMAL+ PLIEES U X16;SERV.MAXI NORM;1 ;0.77;0120160505;52;670;8 
NULL;3660992120093;1L VINAIGRE.ALC.CRISTAL  B.VU ;1L VINAIGRE.AL;1 ;0.31;0105032505;10;180;9 
NULL;3256224801245;250G MADELEINES LONGUES PB U  ;250G MADELEINE;1 ;0.81;0210231005;96;20 ;8 
509435;3256220509435;6 MINI ROCHERS PRAL.CHOC.(CU) ;6 MINI ROCHERS;1 ;0.64;0105022010;40;60 ;ZZ
082515;3045320014082;4X100G COMP POM/ALLEGEE ANDR  ;4X100G COMP PO;1 ;0.95;0225291505;50;418;3 
458130;3395501932576;40G POT BARBAPAPA             ;40G POT BARBAP;2 ;1.08;0105024015;10;61 ;ZZ
NULL;3054080000075;150ML ELNET LAQUE NORMALE ROUG;150ML ELNET LA;2 ;3.7;0120150505;70;640;3 
074863;3256224783855;X46 COUCH.BB ULT.ABS.7/18KG U ;X46 COUCH.BB U;2 ;6.78;0120161010;40;670;16
668222;5760466995917;220ML STARBUCK DISCOVERY CHOC ;220ML STARBUCK;1 ;1.52;0225290505;25;418;3 
749264;3256222646985;550G PAIN MIE SANDWICH COMPL U;550G PAIN MIE ;1 ;0.72;0210210520;91;20 ;8 
444597;3256224243007;250G CR.SUCRE SS PRESS.30%MG U;250G CR.SUCRE ;1 ;1.07;0225321505;23;419;8 
453732;3368955800111;390G CHOUCROUTE GARNIE U SAV  ;390G CHOUCROUT;1 ;1.78;0240391005;55;380;15
597764;8009958000737;400G GRESSINS SESAME ARTISANAL;400G GRESSINS ;1 ;2.13;0210210560;12;20 ;3 
NULL;3256221011524;6X30G CHIPS NATURE U          ;6X30G CHIPS NA;1 ;0.8;0105043005;17;20 ;8 
367931;3280249800105;2X125G YRT  BREBIS CITRON     ;2X125G YRT  BR;1 ;1.0;0225292005;9 ;418;3 
373437;3256225351053;240 ALLUMETTES BOITE U        ;240 ALLUMETTES;2 ;0.13;0115142010;10;530;8 
535144;3523230025034;150G TRANCHES DE CHEVRE       ;150G TRANCHES ;1 ;1.86;0225282510;10;420;3 
624812;5000204610086;275ML BRISE REFRES.AIR PRINTEM;275ML BRISE RE;2 ;1.89;0115131525;60;510;3 
170106;3176571564009;LAIT FRAIS 1/2 ECREME 1LCANDIA;LAIT FRAIS 1/2;1 ;0.88;0225320505;35;419;3 
897295;3045200760009;500ML DESINFECTANT LINGE SANYT;500ML DESINFEC;2 ;2.61;0115130520;50;500;3 
509737;3256220067508;375G 10TR.SAUMON FUME NORVEG.U;375G 10TR.SAUM;1 ;6.72;0240400505;1 ;491;ZZ
743658;3215666550067;BTE BEL COLOR BLD T/CLAIR 6   ;BTE BEL COLOR ;2 ;4.95;0120150515;50;640;3 
131047;3073781071955;FILET 6 MINI BABYBEL          ;FILET 6 MINI B;1 ;1.61;0225281505;8 ;420;3 
665185;3073781033779;250G 48 APERICUBE NAT SAVEURS ;250G 48 APERIC;1 ;2.76;0225283525;20;420;ZZ
415970;3256226756390;24 TAMPON SUPER S/APPLIC.U    ;24 TAMPON SUPE;1 ;0.98;0120160515;55;670;8 
328733;3155250355084;125G RONDELE NOIX 70%         ;125G RONDELE N;1 ;1.17;0225283010;26;420;3 
NULL;3256224066590;MOUCHOIRS U LOTION  X10       ;MOUCHOIRS U LO;2 ;0.55;0120162010;20;670;8 
612124;3043934273802;LAIT CONC.SUC.ENT.REGILAIT300G;LAIT CONC.SUC.;1 ;1.16;0225322505;10;90 ;3 
624731;3048090040015;5 BROS INTERDENT CON 2-4 MM   ;5 BROS INTERDE;2 ;2.36;0120154015;39;650;3 
452215;3256224632740;140G 10TR POITRINE FUMEE U    ;140G 10TR POIT;1 ;1.0;0240380515;32;380;8 
401971;3236240070306;150G FROM.MME LOIK NAT 25%MG  ;150G FROM.MME ;1 ;1.08;0225283005;23;420;3 
179582;3014230002243;75ML DENT SIGNAL INTEGRAL COMP;75ML DENT SIGN;2 ;1.2;0120151005;30;650;3 
069761;3123930711703;160G EMMENTAL RAPE ENTREMONT  ;160G EMMENTAL ;1 ;1.24;0225284010;11;420;3 
454885;3256220358460;200G TOMME NOI.PYRE.IGP27%MG U;200G TOMME NOI;1 ;1.33;0225281510;8 ;420;8 
924709;8000300164428;500G PANETTONE MOTTA          ;500G PANETTONE;1 ;1.72;0210230510;53;61 ;ZZ
121987;3273220082089;4X100G SOJASUN ABRICOT GOYAVE ;4X100G SOJASUN;1 ;1.24;0225291515;20;418;3 
NULL;3256220030403;300G LASAGNE BOLOGNAI./BASIL.U;300G LASAGNE B;1 ;1.02;0105051515;30;240;8 
663890;3256220820165;4X120G CREME DESSERT PRALINE U;4X120G CREME D;1 ;1.27;0105061005;10;80 ;8 
585628;3162050016046;4 SACHET GELIFIANT AGAR AGAR  ;4 SACHET GELIF;1 ;1.52;0105030515;40;80 ;3 
312805;8710438053029;750G PUREE P D TERRE MAC CAIN ;750G PUREE P D;1 ;1.75;0215244505;25;390;3 
070330;3244088900006;75CL PETILLANT RAISIN 3*      ;75CL PETILLANT;2 ;2.18;0110111515;60;310;3 
383660;3160920965357;70ML GEL LUBRIFIANT INTIM     ;70ML GEL LUBRI;2 ;2.13;0120171005;50;671;3 
420797;3428274960078;1L BTE LAIT 1/2 ECREME CHEVRE ;1L BTE LAIT 1/;1 ;1.44;0225321025;40;90 ;ZZ
655596;3048093500639;COUPE ONGLE MANUCURE+CHAINETTE;COUPE ONGLE MA;2 ;0.96;0120154005;60;670;3 
076019;8718951064539;500ML PAIC EXCEL+ EXPER.DEGRAI;500ML PAIC EXC;2 ;1.44;0115131010;70;500;3 
446777;3660992320035;150G 6TR JAMBON CRU BIEN VU   ;150G 6TR JAMBO;1 ;1.21;0240381535;20;380;9 
436926;3256220445795;75CL MOUSSEUX B/BLANCS1/2SEC U;75CL MOUSSEUX ;2 ;1.46;0110111510;20;350;8 
564127;5413149130692;10 SWIFFER DUSTER RECHARGES   ;10 SWIFFER DUS;2 ;5.37;0115131540;20;510;3 
095160;3184670001363;4X100G FAISSELLE 6%MG   RIANS ;4X100G FAISSEL;1 ;1.57;0225292010;4 ;418;3 
NULL;3178530404142;300G PETIT 4 QUART B.MAMAN    ;300G PETIT 4 Q;1 ;1.7;0210231020;50;20 ;3 
419380;3256220059718;20 CUILLERES PLASTIQUE U      ;20 CUILLERES P;2 ;0.45;0305553005;90;540;8 
722416;3256224070146;ESSUIE-TOUT COMPACT U ECO.X2  ;ESSUIE-TOUT CO;2 ;0.89;0115140525;70;670;13
053883;3228850000378;280G P/MIE EX.MOELLEUX COMP   ;280G P/MIE EX.;1 ;0.69;0210210530;91;20 ;3 
349462;3551610000067;200G 2 CORDON BLEU SAUMON     ;200G 2 CORDON ;1 ;2.12;0240402525;6 ;491;3 
083066;3012991302039;70CLX40* RHUM BLANC OLD NICK  ;70CLX40* RHUM ;2 ;7.4;0110121020;50;370;3 
575623;3256223376454;CULOTTE BB 12/18KG U TT PT X20;CULOTTE BB 12/;2 ;3.75;0120161015;40;670;8 
452192;3256220031134;375G 3 BOUDIN BLANC NATURE U  ;375G 3 BOUDIN ;1 ;1.64;0240381005;11;380;8 
885060;3178530403459;245G MUFFIN B.MAMAN NATURE    ;245G MUFFIN B.;1 ;1.44;0210231010;96;20 ;3 
542989;3256222234564;381G 6 CONE CHOCOLAT  U       ;381G 6 CONE CH;1 ;1.29;0215252510;22;410;8 
071005;3033710071005;BTE 400G BONJOUR CHIC/CAF/(CU);BTE 400G BONJO;1 ;4.27;0105011025;41;30 ;ZZ
039067;3029330001652;250G CANAPE ROND BRIOCHE FGRAS;250G CANAPE RO;1 ;0.98;0210210505;91;20 ;3 
610855;3492844655008;FRAIS EMB PUR BREBIS 2¤       ;FRAIS EMB PUR ;1 ;1.5;0225282525;46;421;3 
409536;3256221409536;BONBON  SEVE PIN U (CU)       ;BONBON  SEVE P;2 ;0.68;0105022510;40;70 ;ZZ
073351;3256225073351;500ML LIQUIDE RINCA(CU)       ;500ML LIQUIDE ;2 ;0.61;0115131005;75;500;ZZ
105761;3250541510194;50 CL BRIQ BECHAMEL NATURE    ;50 CL BRIQ BEC;1 ;1.59;0105034505;60;140;3 
059130;3183946110105;1L EAU DEMINERALISEE          ;1L EAU DEMINER;2 ;0.35;0115131505;45;510;3 
180119;3181232518796;240G 2 HAMBURGER     MICRO ONE;240G 2 HAMBURG;1 ;1.79;0215243005;30;390;3 
226949;3228023980063;150G POT CREME DE CAMEMBERT   ;150G POT CREME;1 ;1.65;0225283505;22;420;3 
574978;3244081500302;2L BIB LISTEL GRIS            ;2L BIB LISTEL ;2 ;6.26;0110111000;13;340;3 
467456;3256220616386;200G 20 TRANCH SALAMI DANOIS U;200G 20 TRANCH;1 ;1.07;0240381530;10;380;8 
441434;3256220871327;75CL CIDRE BOUCHE BRUT U BIO  ;75CL CIDRE BOU;2 ;1.5;0110102505;60;310;11
380086;3535551996924;1.5L SANGRIA EL TORERO        ;1.5L SANGRIA E;2 ;1.46;0110120505;30;360;3 
610902;3760007488252;FRAIS EMB BRIE 2 ¤            ;FRAIS EMB BRIE;1 ;1.54;0220270000;46;421;3 
654647;3483219000509;ARTICLE PRIX 5.00 ¤           ;ARTICLE PRIX 5;2 ;2.53;0305601040;10;540;ZZ
643549;3428272110017;1L LAIT 1/2 ECREME MAT.LEG.BIO;1L LAIT 1/2 EC;1 ;1.36;0225321015;40;90 ;ZZ
NULL;3183280000933;BTE 1KG SEL GROS IODE LA BALEI;BTE 1KG SEL GR;1 ;0.66;0105033005;20;160;3 
083139;3012992132048;70CL COCO PUNCH 16°           ;70CL COCO PUNC;2 ;4.04;0110120540;60;370;3 
453944;3256220268011;400G SAUMON ATLANTIQ.OSEILLE U;400G SAUMON AT;1 ;2.41;0215242015;50;390;8 
446442;3256224234630;500G MG TOURN.60%MG OMEGA3&6 U;500G MG TOURN.;2 ;0.96;0225300505;10;419;8 
437435;3256220514613;250G POUDRE CACAO 100% U      ;250G POUDRE CA;1 ;1.82;0105012005;10;40 ;8 
NULL;3511110004996;POCHETTE DE JEUX 4,99 ?       ;POCHETTE DE JE;2 ;2.93;0310621505;20;690;ZZ
NULL;8000500045497;2 NUTELLA & GO                ;2 NUTELLA & GO;1 ;1.22;0105022025;30;60 ;ZZ
480381;3490900000106;PARAPLUIES ENFANT             ;PARAPLUIES ENF;2 ;3.64;0420972505;2 ;710;ZZ
746884;3256221135381;500G SPAGHETTI BLE COMPLET U  ;500G SPAGHETTI;1 ;0.52;0105042020;22;110;8 
617514;3181730142165;500ML BAIN SANEX D/HYPOALLERGE;500ML BAIN SAN;2 ;3.23;0120152505;22;650;3 
226907;3760049791006;450G PAIN TARTINE CAMPAGNE    ;450G PAIN TART;1 ;1.23;0210210535;91;20 ;3 
020872;3538280026856;200G 1848 PRALINOISE          ;200G 1848 PRAL;1 ;1.8;0105021545;10;60 ;3 
721258;3094905000811;CRM.ADH.HIPOALLER.POLIDENT 40G;CRM.ADH.HIPOAL;2 ;2.46;0120151020;39;650;3 
467600;3256220269254;300G NUGGETS DE BLC POULET U  ;300G NUGGETS D;1 ;2.21;0215241020;30;390;8 
003343;0000000003343;POMME CHANTECLER 190/215      ;POMME CHANTECL;1 ;1.75;0230341200;10;440;ZZ
577081;3256222976624;4X125G PAVE.SAUMON AVEC PEAU U;4X125G PAVE.SA;1 ;4.9;0215242505;41;390;8 
NULL;3256224255017;PLEIN AIR OEUFS U BOITE X6    ;PLEIN AIR OEUF;1 ;0.87;0225330520;1 ;417;8 
665711;3608580003120;1L  CITRONADE MENTHE ANDROS   ;1L  CITRONADE ;1 ;1.18;0230540506;48;418;3 
426735;2441849000000;FRAIS EMB MANCHEGO 1/12 X 6   ;FRAIS EMB MANC;1 ;12.29;0220270505;46;421;3 
NULL;3760171490198;DELRIEU SPR. PROT.150ML SPF50+;DELRIEU SPR. P;2 ;8.38;0120154515;99;650;3 
001103;3256224375005;PILE ALC.U STD LR6 X4         ;PILE ALC.U STD;2 ;0.51;0320720505;30;610;8 
330034;3660992330034;OEUFS FRAIS MOYEN BIEN VU(CU) ;OEUFS FRAIS MO;1 ;0.92;0225330505;1 ;417;ZZ
020717;4005900127167;200ML LT A/SOLEIL P&BRON NIVEA;200ML LT A/SOL;2 ;4.75;0120154510;99;650;3 
295095;7613034522146;350G 5 PIRULO HAPPY           ;350G 5 PIRULO ;1 ;1.55;0215253020;40;410;3 
082939;3222110008111;150G CREME DE SAINT AGUR      ;150G CREME DE ;1 ;1.63;0225283510;17;420;3 
453774;3256220170499;1KG FRITES RUSTIQUES FOUR U   ;1KG FRITES RUS;1 ;0.85;0215245005;26;390;8 
NULL;3256221674422;64 LING.SENS BB U TT PTIT RECH;64 LING.SENS B;2 ;0.51;0120155010;70;661;16
038168;3600522836896;200 ML AP. SHAMP. COLOR VIVE  ;200 ML AP. SHA;2 ;2.09;0120150535;20;640;3 
596603;3042061410319;25X INFUS FLEUR CAMOMILL TISAN;25X INFUS FLEU;1 ;1.16;0105011505;15;50 ;3 
742686;3256220764285;300G SAUCISSE SECHE COURBE U  ;300G SAUCISSE ;1 ;1.82;0240410515;10;380;8 
NULL;8712100338694;MAIZENA FLEUR DE MAIS 400G    ;MAIZENA FLEUR ;1 ;1.37;0105031010;50;100;3 
667072;3059942101204;VITROCLEN PISTOLET 250ML      ;VITROCLEN PIST;2 ;2.28;0115131535;40;510;3 
701567;3256225427970;1KG LASAGNE BOLOGNAISE U      ;1KG LASAGNE BO;1 ;2.11;0215242005;56;390;8 
388686;3660992210053;100 FILTRE A CAFE N°4 BIEN VU ;100 FILTRE A C;2 ;0.33;0105011010;29;31 ;9 
328377;8032484860520;110G SPECK CORTE DEL GUSTO    ;110G SPECK COR;1 ;2.19;0240389999;20;380;4 
004518;0000000004518;ARTICHAUT VIOLET BOUQUET      ;ARTICHAUT VIOL;1 ;1.15;0230350600;91;450;ZZ
NULL;3160920503108;10CL SOLUTION MERCURO INCOLORE;10CL SOLUTION ;2 ;1.63;0120170515;20;671;ZZ
660761;3256220660761;500ML SOLUT DENT.BY U CLAS(CU);500ML SOLUT DE;2 ;0.74;0120151010;39;650;3 
511166;3256224160885;600G ROSTI AUX OIGNONS U      ;600G ROSTI AUX;1 ;0.66;0215245045;25;390;8 
653942;3242273205059;200G PIZZA  0  3 FROMAGES     ;200G PIZZA  0 ;1 ;1.11;0240391025;51;380;3 
570893;3282946015837;75CL CHAMPAGNE NICOLAS FEUILLA;75CL CHAMPAGNE;2 ;16.56;0110111505;10;350;3 
066828;3599740009345;600G EPINARD HACH/CREM FINDUS ;600G EPINARD H;1 ;1.48;0215244510;22;390;3 
415873;3256225074662;20 LINGETTES VITRES U         ;20 LINGETTES V;2 ;0.39;0115131520;20;510;8 
079813;3248830085010;400G TARTE AU CHEVRE MARIE    ;400G TARTE AU ;1 ;2.28;0215240515;11;390;3 
329284;3451790439506;33CL GOURDE 15% CR LEG.EPAISSE;33CL GOURDE 15;1 ;0.99;0225292510;31;419;3 
445802;3256224192329;200G MIETTES SAVEUR CRABE U   ;200G MIETTES S;1 ;0.98;0240402530;2 ;491;8 
443509;3256223800218;500G PRUNEAU  DENOYAUTE IGP U ;500G PRUNEAU  ;1 ;2.54;0230362024;10;120;8 
442812;3256224255024;12 OEUFS MOYEN DATES J.PONTE U;12 OEUFS MOYEN;1 ;1.47;0225330515;1 ;417;8 
008765;3491560001137;250G MIEL DE ROMARIN POT VERRE;250G MIEL DE R;1 ;2.34;0105012515;35;200;3 
100150;3700281100150;DECORATION NOEL 1(CU)         ;DECORATION NOE;2 ;1.01;0305601005;30;600;ZZ
NULL;3065870507018;BOUGIES ANNI.X20.             ;BOUGIES ANNI.X;2 ;0.59;0305552505;25;540;3 
858453;3038354560908;250G RIZ LUST 2  QUINOA COURG.;250G RIZ LUST ;1 ;1.02;0105041515;55;120;3 
017324;3023291122005;4X150G YAOURT GRECQUE   NESTLE;4X150G YAOURT ;1 ;1.51;0225291015;3 ;418;3 
642789;3155250358788;250G PRIMEVERE BIO            ;250G PRIMEVERE;2 ;1.46;0225301005;10;419;3 
436324;3368950939663;SAC CABAS U GRAND FORMAT      ;SAC CABAS U GR;2 ;0.34;0905051510;40;813;ZZ
701389;3256220280167;500G LENTILLES VERTES U BIO   ;500G LENTILLES;1 ;1.25;0105041025;20;120;11
478619;3660992006526;2KG MELANGE OISEAU NAT.BIEN VU;2KG MELANGE OI;2 ;1.16;0105080505;42;270;9 
411332;3256226506209;250ML EAU COLOGNE AMBREE U    ;250ML EAU COLO;2 ;0.95;0120152020;60;650;8 
634150;5000159437943;193G MALTESERS POCHON         ;193G MALTESERS;1 ;2.16;0105022015;40;60 ;3 
658332;7613032655495;BTE 260G RICORE               ;BTE 260G RICOR;1 ;4.14;0105011030;41;30 ;3 
628654;3059940049225;NET.A/CALC.2/1 CALGON X17 TABS;NET.A/CALC.2/1;2 ;3.8;0115130525;80;500;3 
597578;7613034060679;344G PREPARATION MOELLEUX CHOC;344G PREPARATI;1 ;2.7;0105030525;50;80 ;3 
441159;3256220817813;32 ALLUME-FEU ECOLO CUB.NAT. U;32 ALLUME-FEU ;2 ;0.42;0115142005;10;530;8 
603824;0000087108651;152G 4 ROULEAU MENTOS MENTHE  ;152G 4 ROULEAU;2 ;1.1;0105023010;50;75 ;3 
815005;3173287815005;JACQUOT COUS.PAPIL FINES 4(CU);JACQUOT COUS.P;1 ;0.92;0105023505;18;61 ;ZZ
444204;3256224110569;1L GLACE CHOCOLAT+COP.CHOC. U ;1L GLACE CHOCO;1 ;1.46;0215250505;30;410;8 
340303;0022314010025;1/2 CREME MARRONS      FAUGIER;1/2 CREME MARR;1 ;1.83;0105012510;30;200;3 
444034;3256224702009;350G POMMES NOISETTES U       ;350G POMMES NO;1 ;0.4;0215245015;25;390;8 
466971;3256220507844;180G 4TR ROTI PORC CUIT FOUR U;180G 4TR ROTI ;1 ;1.63;0240381545;28;380;8 
732908;8717644256152;150ML DEO AXE DARK TEMPTA.ATO.;150ML DEO AXE ;2 ;2.71;0120152010;55;650;3 
618057;7322540574876;8 TENA PANTS PLUS LARGE       ;8 TENA PANTS P;2 ;7.27;0120161515;56;670;3 
443915;3256224701149;1KG LEGUMES POUR POTAGE U     ;1KG LEGUMES PO;1 ;0.76;0215244015;21;390;8 
737500;8000500045176;160G MOULAGE KINDER           ;160G MOULAGE K;2 ;2.69;0105024005;12;61 ;ZZ
628832;3185290529893;COLLANT OPAQUE NOIR T 1/2     ;COLLANT OPAQUE;2 ;4.32;0415921505;10;820;3 
375297;3256223375297;ENV.U ECO RAISON 114X162MM(CU);ENV.U ECO RAIS;2 ;0.68;0310610505;30;680;ZZ
102658;8001060023604;280G ANTIPASTO TOMATES SECHEES;280G ANTIPASTO;1 ;1.89;0105020525;20;140;3 
551556;3256221053647;60G MACHE U                   ;60G MACHE U   ;1 ;0.49;0230350528;21;450;8 
533817;3256221399806;400G 10 CROISSANTS PUR BEUR. U;400G 10 CROISS;1 ;1.34;0210220505;92;20 ;8 
042913;3176571744012;LOT 6X20CL CANDY UP FRAISE    ;LOT 6X20CL CAN;1 ;2.47;0225321010;40;90 ;3 
649414;3760112650018;110G 16 TAPAS FROMAGERES 16%MG;110G 16 TAPAS ;1 ;1.73;0225284515;28;420;ZZ
731342;8713016059314;VENTILATEUR SUR PIED 40CM NOIR;VENTILATEUR SU;2 ;16.09;0325761010;40;750;3 
180101;3181232518819;260G 2 CHEESBURGERS  MICRO ONE;260G 2 CHEESBU;1 ;1.96;0215241010;30;390;3 
586111;3041090013928;4X250ML BLEDIDEJ BISCUITE     ;4X250ML BLEDID;1 ;3.42;0105070510;60;250;3 
018304;3155250002537;3X20CL SAUCE BECHAMEL BRIDEL  ;3X20CL SAUCE B;1 ;1.67;0225322015;23;419;3 
332318;3033491010866;16X125G ACTIVIA NATURE DANONE ;16X125G ACTIVI;1 ;3.22;0225291535;18;418;3 
627658;3256221884739;LEGGING OPAQUE U T1/2         ;LEGGING OPAQUE;2 ;2.9;0415921500;10;820;8 
450742;3218370011121;50  G ALLICI PIQUANTI MICELI  ;50  G ALLICI P;1 ;0.8;0240402010;3 ;491;4 
123361;3465410004029;450G FRAMBOISE SURGELE        ;450G FRAMBOISE;1 ;2.64;0215259999;10;395;4 
411405;3256226755386;160 BATONNETS  RECHARGE U     ;160 BATONNETS ;2 ;0.21;0120162510;14;670;8 
637718;3251241003511;MASQ.P/MARSEILL.CH.SEC 300ML  ;MASQ.P/MARSEIL;2 ;3.17;0120150540;32;640;3 
NULL;3256225143009;600ML NETTOYANT SALLE/BAIN U  ;600ML NETTOYAN;2 ;0.85;0115131515;30;510;8 
487359;3256224251828;250G BEUR.EX FIN 1/2SEL 80% U ;250G BEUR.EX F;1 ;1.4;0225311010;6 ;419;8 
539813;5000159443753;270ML 6 BARRE GLACE MARS BEURR;270ML 6 BARRE ;1 ;1.96;0215252515;20;410;3 
025589;3256224758778;X2 AMP.HALO MINIFLAM U 60W E14;X2 AMP.HALO MI;2 ;1.59;0320721005;35;610;8 
684537;3599740009031;540G POM.DAUPHINE FINDUS F.F  ;540G POM.DAUPH;1 ;1.75;0215245020;25;390;ZZ
884307;3181232220286;2X130G ST- HACHE 5% HEBDOPACK ;2X130G ST- HAC;1 ;3.01;0255476005;11;486;3 
722296;3183945500501;5L ORDIANE COMB. DESAROM.SUP  ;5L ORDIANE COM;2 ;5.26;0320751010;40;530;1 
477689;3256225525034;CORDE A LINGE 20M U           ;CORDE A LINGE ;2 ;1.1;0305594005;60;540;8 
329658;3228850006035;250G PAIN MIE LC HARRYS       ;250G PAIN MIE ;1 ;0.76;0210210545;91;20 ;3 
497401;3256223375525;RAMETTE U 500F.80G ECO RAISON ;RAMETTE U 500F;2 ;3.1;0310611510;60;680;8 
025610;3256540000636;310G PITCH CHOCOLAT X 8       ;310G PITCH CHO;1 ;1.34;0210220525;93;20 ;3 
656102;3048093501032;BOITE CURE DENTS              ;BOITE CURE DEN;2 ;0.94;0120154010;60;670;3 
418651;3660992601042;DEBOUCHEUR A VENTOUSE BIEN VU ;DEBOUCHEUR A V;2 ;1.67;0305580525;80;510;9 
742539;3256220177221;300G PENNE 4 FROMAGES  U      ;300G PENNE 4 F;1 ;1.22;0215242040;55;390;8 
006161;3333680001218;90G ROSETTE SAVOIE            ;90G ROSETTE SA;1 ;0.89;0240410540;10;380;3 
334522;3599740004074;500G POMME RISSOLEE FINDUS    ;500G POMME RIS;1 ;0.88;0215245010;25;390;3 
130368;3023260029427;150G  ROQUEFORT CAVE SAVEUR   ;150G  ROQUEFOR;1 ;1.98;0225282005;18;420;3 
597918;3178530407402;300G PTI CAKES FRUITS BONNE MA;300G PTI CAKES;1 ;2.15;0210231025;95;20 ;3 
323571;3218012005242;BLOC 3P 10/16A+T+PEPINTER     ;BLOC 3P 10/16A;2 ;3.74;0320752005;40;610;3 
560377;3033710002665;2X100G GALAK                  ;2X100G GALAK  ;2 ;1.6;0105021515;25;60 ;3 
410946;3256225044443;GANTS MENAGE TAILLE 8-8 1/2 U ;GANTS MENAGE T;2 ;0.41;0115140515;95;510;8 
093817;3090291435015;150G BRIQUE AFFINE  VIEUX PANE;150G BRIQUE AF;1 ;1.54;0225280515;6 ;420;3 
292738;3147690020400;75CL MUSCAT RIVESALTES DAURE  ;75CL MUSCAT RI;2 ;3.54;0110120525;50;360;3 
605800;8436049651842;100G SALAMI EXTRA TR 1.50E    ;100G SALAMI EX;1 ;1.04;0240380000;10;380;1 
454827;3256220275774;450G GRATIN D AUBERGINES U    ;450G GRATIN D ;1 ;1.55;0215244520;55;390;8 
447456;2295800000000;FRAIS EMB  GORGONZOLA AOP X 6 ;FRAIS EMB  GOR;1 ;8.52;0220272010;46;421;3 
623298;8713016013248;BOUILLOIRE 1.5L WK-1324       ;BOUILLOIRE 1.5;2 ;11.96;0305560505;20;955;ZZ
028367;3760003998977;2 BOUGIES CITRONNELLE STOP    ;2 BOUGIES CITR;2 ;2.64;0115142500;64;510;3 
000101;0000000000101;BAGUETTE 200G                 ;BAGUETTE 200G ;1 ;0.44;0205180500;20;400;ZZ
325052;3017620424403;440G PATE A TARTINER NUTELLA  ;440G PATE A TA;1 ;2.48;0105012520;5 ;60 ;3 
389242;4008400290829;8X30G KINDER PINGUI CHOCOLAT  ;8X30G KINDER P;1 ;1.77;0225290525;26;418;3 
135295;3023430506000;250G BARQ ST HUBERT 41 38%MG  ;250G BARQ ST H;2 ;1.24;0225301010;10;419;3 
NULL;3597620000017;QUAKER OATS CEREALES 500G     ;QUAKER OATS CE;1 ;1.1;0105012015;20;40 ;3 
655601;3048093500646;COUPE ONGLES PEDICU+RECEPTA  C;COUPE ONGLES P;2 ;1.53;0100000000;60;670;3 
444327;3256224705123;4X100G PANIER JBON/FROMAGE U  ;4X100G PANIER ;1 ;1.61;0215240525;10;390;8 
433350;3256220174114;75ML CIRAGE BOITE INCOLORE U  ;75ML CIRAGE BO;2 ;0.54;0115131550;10;510;8 
512390;3256221675146;200G CHEDD.MATURE 34.4% U     ;200G CHEDD.MAT;1 ;1.58;0225281525;10;420;8 
608303;8710438059199;700G ORIGINAL POTATOES MC CAIN;700G ORIGINAL ;1 ;1.62;0215245030;26;390;3 
633340;7312740010182;100G OEUF LOMPE RGE ROYAL SWEE;100G OEUF LOMP;1 ;1.96;0240401005;4 ;491;3 
367132;3542820367132;CHIFFO DE CUIT(CU)            ;CHIFFO DE CUIT;1 ;1.27;0245420505;10;475;ZZ
445577;3256224255055;6 OEUFS CALIBRE MOYEN U BIO   ;6 OEUFS CALIBR;1 ;1.64;0225330525;7 ;417;11
453716;2850771000000;2 PAVÉ *** A GRILLÉ SKIN UX4 B;2 PAVÉ *** A G;1 ;15.8;0255470430;12;486;8 
067418;3256224070047;CADENAS U LAITON 20MM A/COMBI ;CADENAS U LAIT;2 ;2.28;0320753005;40;610;8 
595372;3033610092124;50G CONFIT D OIGNONS          ;50G CONFIT D O;1 ;0.93;0240381525;36;380;3 
517544;8712566342822;8 MAGNUM MINI DOUBLE CHOC CARA;8 MAGNUM MINI ;1 ;2.87;0215252525;21;410;3 
668604;8412805999540;200G MAIS GRILLÉS SALES       ;200G MAIS GRIL;1 ;0.67;0105071025;18;20 ;4 
467058;3256220612050;100G 10 TRANCHES COPPA U      ;100G 10 TRANCH;1 ;0.85;0240381540;20;380;8 
071600;3147690071600;FLASK 20CLX40* CO(CU)         ;FLASK 20CLX40*;2 ;3.91;0110121030;5 ;370;ZZ
610889;3492844651000;FRAIS EMB FOURME D AMBERT 2 ¤ ;FRAIS EMB FOUR;1 ;1.5;0225282010;46;421;3 
543448;3660992004829;450G 10 PAIN AU CHOCO BIEN VU ;450G 10 PAIN A;1 ;1.19;0210220510;93;20 ;9 
534889;3498976165002;100G TAPENADE NOIRE           ;100G TAPENADE ;1 ;1.35;0230350672;4 ;491;3 
731601;3256223685662;STYLOS BILLE U X4 COULEUR ASS.;STYLOS BILLE U;2 ;0.55;0310612005;50;680;8 
210435;8003495070031;50G PERSIL SURGELE            ;50G PERSIL SUR;1 ;0.74;0215243505;23;390;4 
389763;3256221111750;250G PAPILLONS IGP AUX OEUFS U;250G PAPILLONS;1 ;0.67;0105042010;20;110;8 
008430;4015400685036;10X SERV.INCONT.LONGUE ALWAYS ;10X SERV.INCON;2 ;2.77;0120161510;56;670;3 
440404;3256220573696;98G OS MACHER X4 U            ;98G OS MACHER ;2 ;0.91;0105082005;22;270;8 
333576;2653810000000; 4TR GAMBET.ROTI PORC F-EMB X6;4TR GAMBET.ROT;1 ;0.0;0240390000;70;380;4 
110794;3384129110794;RECH  ABSORBEUR HUMID SPO(CU) ;RECH  ABSORBEU;2 ;2.16;0420977505;10;993;ZZ
482367;4009044113017;SAC POIGNEE SOUPLE PCR        ;SAC POIGNEE SO;2 ;0.08;0905051530;40;813;ZZ
000121;0000000000121;(MT)SAC DE CAISSE             ;SAC DE CAISSE ;2 ;0.02;0905050500;40;813;ZZ
455645;2481672000000;    1 ENTRECOTE U FRAICHEUR X6;1 ENTRECOTE U ;1 ;0.0;0255470000;12;486;14
342567;3029330004257;500G VOLLKORBROT (PAIN SEIGLE);500G VOLLKORBR;1 ;1.23;0210210540;91;20 ;3 
452558;3256220064101;200G SACHET BATAVIA U         ;200G SACHET BA;1 ;0.71;0230350512;21;450;8 
513231;3256222633572;100G RECETTE TOMATE BASILIC U ;100G RECETTE T;1 ;0.81;0240401520;4 ;491;8 
174663;3533631465001;1L LAIT FERMENTE ELBEN LACTEOR;1L LAIT FERMEN;1 ;1.22;0225320510;35;419;3 
513477;3256222647845;SEAU ROND U 12L               ;SEAU ROND U 12;2 ;1.84;0305580520;80;510;8 
411081;3256226531638;400G SAVON MARSEILLE BLANC U  ;400G SAVON MAR;2 ;0.6;0115130515;10;500;8 
158253;3561292158253;ORANGE RECHARGE(CU)           ;ORANGE RECHARG;2 ;8.03;0905159999;60;814;ZZ
529389;3256222984582;300G PALETS LEG.COURG/PT LEG U;300G PALETS LE;1 ;1.07;0215244530;22;390;8 
613112;3368959923373;250G MELANGE 3 OLIVES PISTOU  ;250G MELANGE 3;1 ;1.22;0105020510;16;20 ;15
060652;3052503230566;RAL ROUGE EDITION-BRUN BOHEME ;RAL ROUGE EDIT;2 ;5.57;0120153500;90;660;ZZ
332782;3451790961038;33CL SCE BECHAMEL EL VIRE     ;33CL SCE BECHA;1 ;1.03;0225302010;33;419;3 
567921;3256221016215;150G RILLETTES THON U         ;150G RILLETTES;1 ;1.13;0240401010;4 ;491;8 
328408;8032484860261;110G CHIFF.JAMB CUIT ITAL CORT;110G CHIFF.JAM;1 ;2.66;0245420500;29;380;4 
457045;2865543000000;8 AIGUILLET.PLT JNE  U FRAI X6;8 AIGUILLET.PL;1 ;0.0;0250461000;10;460;14
667797;3366321051686;510G BARQ ST HUBERT 41 OMEGA 3;510G BARQ ST H;2 ;2.56;0225300515;10;419;3 
989733;3599740008652;600G POMME PERIGORD FINDUS    ;600G POMME PER;1 ;1.93;0215245040;25;390;3 
547573;5601028011693;2RLX ESSUIE TOUT RENOVA OLE   ;2RLX ESSUIE TO;2 ;0.44;0120162015;70;670;3 
785472;8000500160749;PACK 3 PIECES KINDER JOY T3   ;PACK 3 PIECES ;2 ;2.09;0105023020;60;75 ;3 
007565;3287360753570;100G 1TR.PATE CROUTE 2 OLIVES ;100G 1TR.PATE ;1 ;0.87;0245450520;70;380;3 
071572;8004260229791;9 RLX PAPIER TOIL TREFLE PECHE;9 RLX PAPIER T;2 ;1.89;0120163000;30;670;3 
446858;3256224193005;100G TARAMA OEUFS CABILLAUD U ;100G TARAMA OE;1 ;0.56;0240401505;4 ;491;8 
281795;3551610001033;180G 2 STEACK HACHE THON      ;180G 2 STEACK ;1 ;1.83;0265530701;6 ;491;3 
722628;3760003992463;A/MIT.ALIM.ET TEXT.2/1 DGK X3 ;A/MIT.ALIM.ET ;2 ;2.58;0120170510;64;510;3 
386498;3256220881067;BROSSE A LAVER U A/POIGNEE    ;BROSSE A LAVER;2 ;1.54;0305580535;80;510;8 
080848;3024720020121;110G POT RILLETE BORD.CHESNEL ;110G POT RILLE;1 ;1.06;0240381505;40;380;3 
443834;3256224531203;8X50G PANES DE COLIN ALASKA U ;8X50G PANES DE;1 ;1.86;0215241015;42;390;8 
035851;3257630068536;190 G BRANDADE DE MORUE BTE   ;190 G BRANDADE;1 ;2.3;0240402545;3 ;491;4 
551166;3165440370391;450G 4 COQ ST JACQUES+ 1 GTE  ;450G 4 COQ ST ;1 ;4.65;0215241510;40;390;ZZ
575306;3660992008407;ESCALOPES POULET BIEN VU 1KG  ;ESCALOPES POUL;1 ;5.18;0215243015;30;390;9 
660999;3362763029221;175G 4 TR SAU.FUME ECOS+1GR FA;175G 4 TR SAU.;1 ;5.95;0265529605;1 ;491;ZZ
701818;3533631253004;6X25CL CANDIA CROISSANCE BABY ;6X25CL CANDIA ;1 ;2.99;0105070520;40;90 ;3 
645151;3045670001954;BOX PAPIER CADEAU CLASSIQUE   ;BOX PAPIER CAD;2 ;0.8;0310611010;10;600;3 
649503;3492845002009;400G PLT 5 FROMAGES STICK 5¤  ;400G PLT 5 FRO;1 ;3.81;0225284535;28;420;3 
073184;3610460082149;PANT.HELLO KIT.GRIS+ROSE 20/27;PANT.HELLO KIT;2 ;4.49;0425100000;20;830;ZZ
091166;3451790153051;250G BEURRIER TENDRE&LEGER 20%;250G BEURRIER ;1 ;0.98;0225311505;8 ;419;3 
276538;3322680009492;256G 8 CREPES WHAOU CHOCO PC  ;256G 8 CREPES ;1 ;1.4;0210231045;95;20 ;3 
422951;3387620030066;330G SAUCISSE SUPERIEURE      ;330G SAUCISSE ;1 ;2.6;0255478405;21;486;3 
NULL;3178040693128;MIROR ARGENTIL 250ML          ;MIROR ARGENTIL;2 ;2.45;0115131555;40;510;3 
040814;3292070100958;145G SCE SPEC.SAUM.FHERB.LABEY;145G SCE SPEC.;1 ;1.77;0240402555;4 ;491;ZZ
541535;5000328230603;326G SAUCE DOUCE DIPPAS DORITO;326G SAUCE DOU;1 ;1.67;0105020520;10;20 ;3 
386456;3256225500154;BALAI MULTI-USAGES U          ;BALAI MULTI-US;2 ;1.18;0305580505;80;510;8 
032308;3256225717842;4KG CHARBON DE BOIS EN SAC U  ;4KG CHARBON DE;2 ;3.78;0315691063;20;530;8 
079813;3248830085010;400G TARTE AU CHEVRE MARIE    ;400G TARTE AU ;1 ;2.02;0215240500;11;390;3 
NULL;3542820367125;CHIFFO MORTADELLE 120G        ;CHIFFO MORTADE;1 ;1.25;0245429999;13;475;4 
491641;3382510032007;110G OLIVE VERTE DEN.ORIENTALE;110G OLIVE VER;1 ;0.99;0230350652;10;445;3 
669472;4026272033092;PELUCHE OURS ASSIS NOEUD 18CM ;PELUCHE OURS A;2 ;2.36;0315680505;10;730;ZZ
502337;3660992006533;COPEAUX DE BOIS BIEN VU 800G  ;COPEAUX DE BOI;2 ;0.58;0105082025;50;270;9 
006195;3333680001348;90G PAVE PUR PORC SAVOIE      ;90G PAVE PUR P;1 ;0.89;0245422010;10;380;3 
075005;3256225038336;X25 ENVEL.KRAFT U ECO 229X324 ;X25 ENVEL.KRAF;2 ;1.25;0300000000;30;680;8 
NULL;3119780006106;6X33CL BOITE PANACH           ;6X33CL BOITE P;1 ;2.24;0110102010;70;310;3 
397588;3059942280473;20 SERPIL ST MARC ANTIBACTERIE;20 SERPIL ST M;2 ;1.75;0115140510;95;510;3 
452304;3256225042821;12 PTI POT VAN/FRA/CHOC U     ;12 PTI POT VAN;1 ;1.38;0215253010;40;410;8 
551564;3256221053494;80G ROQUETTE U                ;80G ROQUETTE U;1 ;0.57;0230350526;21;450;8 
642789;3155250358788;250G PRIMEVERE BIO            ;250G PRIMEVERE;1 ;1.28;0225301505;10;419;3 
596792;3449865240904;260G BATON DE BERGER NATURE   ;260G BATON DE ;1 ;2.91;0240410510;10;380;3 
544216;3760093910019;3X100G POP CORN M.O SALE      ;3X100G POP COR;1 ;2.19;0230361580;15;20 ;3 
270817;0215521000000;  2 ESCALOPPES DINDES S/AT 11J;2 ESCALOPPES D;1 ;0.0;0250462000;20;460;3 
419144;3256223365205;MANCHE U EN BOIS BRUT PEFC    ;MANCHE U EN BO;2 ;1.11;0305580510;80;510;8 
456104;3256220369893;900G POELEE RUSTIQUE U        ;900G POELEE RU;1 ;2.93;0215244515;56;390;8 
444050;3256224160007;400G QUICHE LORRAINE U        ;400G QUICHE LO;1 ;1.22;0215240510;11;390;8 
128094;3251514251007;470G FONDANT CHOCOLAT MARIE   ;470G FONDANT C;1 ;3.87;0215251505;11;410;3 
624773;3048090040121;FIL DENTAIRE CLASSIQUE 50M    ;FIL DENTAIRE C;2 ;1.24;0120151000;39;650;3 
238459;8691595121229;250G ABRICOTS SECS CAL1       ;250G ABRICOTS ;1 ;1.4;0230360515;10;120;ZZ
002850;3086125002850;CHAPELET 3 BRIQUETJ26 MAXI(CU);CHAPELET 3 BRI;2 ;2.22;0120151505;40;650;ZZ
638316;3660992801558;2 TORCH.CARRO BLC 50X70 B.VU  ;2 TORCH.CARRO ;2 ;1.85;0420939999;10;840;9 
720838;3256223351871;2 SUCETTES SILICONE T2 UPET   ;2 SUCETTES SIL;2 ;1.96;0420949999;10;662;16
702880;3256221978896;300G PORC CARAMEL ET RIZ U    ;300G PORC CARA;1 ;1.48;0240391020;57;380;12
215354;3058325014407;100ML MEN SOIN BAUME AP RASAGE;100ML MEN SOIN;2 ;3.19;0120151520;50;660;3 
545678;3256223365304;10 X FRO.FOND.CROQ.MONS.18% U ;10 X FRO.FOND.;1 ;0.66;0225283520;21;420;8 
452540;3256220064118;250G SACHET LAITUE ICEBERG U  ;250G SACHET LA;1 ;0.64;0230350514;21;450;8 
510623;3256221116069;6X70G PAIN AU CHOCOLAT U      ;6X70G PAIN AU ;1 ;1.69;0215251510;60;390;8 
217152;3480391432807;PANTOUFLE  HOMME KA PASTEL    ;PANTOUFLE  HOM;2 ;4.69;0425103010;20;830;ZZ
051695;3088542500285;250G SIROP D ERABLE CANADA    ;250G SIROP D E;1 ;3.0;0105071005;40;200;3 
451188;5601419168210;500G FILET DE MERLU BLANC     ;500G FILET DE ;1 ;3.76;0215242500;40;390;4 
452312;3256220063951;165G 2 BARQ.DES D EPAULE U    ;165G 2 BARQ.DE;1 ;0.64;0240380505;28;380;8 
745383;3368950776824;SAC CAISSE 25L                ;SAC CAISSE 25L;2 ;0.04;0905101000;40;813;ZZ
585301;3292070001750;16 BLINIS COCKTAIL +4 GRT 170G;16 BLINIS COCK;1 ;0.97;0240402535;6 ;491;ZZ
234691;3700292907601;5 GANTS DE TOILETTE           ;5 GANTS DE TOI;2 ;2.7;0420930505;10;840;ZZ
007028;3451790563256;250G BEURRE DX  60% MONTFLEURI;250G BEURRE DX;1 ;1.08;0225310000;3 ;419;1 
000301;3483219000301;ACCESSOIRES MENAGERSA 3(CU)   ;ACCESSOIRES ME;2 ;2.0;0305581505;60;540;ZZ
418198;3256224043997;250ML SHAMP BB DOUX U TT PTIT ;250ML SHAMP BB;2 ;0.88;0120155005;50;661;16
189383;3227291030210;500G BETTERAVES CUBES         ;500G BETTERAVE;1 ;0.8;0230350612;90;450;3 
409741;3256222416007;1/2 BTE SAUCISSES COCKTAIL U  ;1/2 BTE SAUCIS;1 ;1.05;0105020515;60;230;8 
455001;3256220358026;1KG PAELLA FRT.MER/COL.A.U    ;1KG PAELLA FRT;1 ;2.45;0215242010;56;390;8 
024193;3368954907217;SAC ISOTHERME 34L U BLANC     ;SAC ISOTHERME ;2 ;0.83;0905051520;40;813;ZZ
281795;3551610001033;180G 2 STEACK HACHE THON      ;180G 2 STEACK ;1 ;1.86;0240402528;6 ;491;3 
229450;8712566328208;328G 4 MAGNUM AMANDE   MOTTA  ;328G 4 MAGNUM ;1 ;2.46;0215250000;21;410;3 
371875;3265980174265;2X130G PAVE BOEUF NAT EX TENDR;2X130G PAVE BO;1 ;2.94;0255470405;12;486;3 
475116;3256220658959;125G BQ AMANDE EMONDEE U      ;125G BQ AMANDE;1 ;1.42;0230361512;10;120;8 
648044;3257630343435;780G SOUPE POISSON+90G ROUILLE;780G SOUPE POI;1 ;4.35;0240402505;3 ;491;3 
126181;3061430009817;250G SALADE SCALA             ;250G SALADE SC;1 ;2.65;0230350544;53;380;3 
102771;2441865000000;  FRAIS EMB  MORBIER L.CRU X 6;FRAIS EMB  MOR;1 ;0.0;0220271000;46;421;3 
443185;3256224658917;225G CHORIZO PUR PORC DOUX U  ;225G CHORIZO P;1 ;1.35;0240410520;10;380;8 
415336;3256225825486;24 BATONNET GERANIUMS U       ;24 BATONNET GE;2 ;1.08;0320740510;30;580;8 
733360;7322540709254;6X10 ETUIS MOUCH.EXTRAIT LOTUS;6X10 ETUIS MOU;2 ;0.41;0120162000;20;670;3 
454932;3256220275392;250G BQ RAISINS SULTANINES U  ;250G BQ RAISIN;1 ;1.22;0230361584;10;120;8 
533320;3281780880687;240ML GREEN TEA GRENADE RAISIN;240ML GREEN TE;1 ;0.67;0240391525;46;418;3 
306480;3176584489009;150G FONDUE RICHES MONTS      ;150G FONDUE RI;1 ;1.34;0225284500;28;420;3 
005539;3760171490198;150ML SRAY SPF50+ EXT.IMMORTEL;150ML SRAY SPF;2 ;9.42;0120154500;99;650;3 
115512;3175333021002;100G APERIVRAIS PROVENCAL     ;100G APERIVRAI;1 ;1.58;0225284505;20;420;3 
052324;3435660693731;800G ROTI DINDE FARCI CEPES   ;800G ROTI DIND;1 ;5.87;0215243020;56;390;ZZ
207555;3000000511299;EPICEA COUPE 150/200+CROISILLO;EPICEA COUPE 1;4 ;8.05;0230363001;40;451;ZZ
045254;3076820660219;BX 21CL EPIS MAIS NAINS CRESPO;BX 21CL EPIS M;1 ;1.06;0105043510;20;140;3 
454704;3256220269742;200G TZATZIKI U               ;200G TZATZIKI ;1 ;0.83;0240401515;4 ;491;8 
345769;3266140051655;500G SAC RAVIOLES SURGELES    ;500G SAC RAVIO;1 ;4.21;0215244512;55;390;3 
153374;3517140010013;6X50CL PACK B.SPORT EAU SOURC ;6X50CL PACK B.;1 ;0.96;0220262005;11;320;3 
040880;3760112650711;80G BROCHETTES SAUMON         ;80G BROCHETTES;1 ;1.49;0245440505;10;470;ZZ
007507;3421112360351;600G POIVRONS GRILLÉS PATRIGEL;600G POIVRONS ;1 ;2.91;0215244500;20;390;3 
481808;5410312900359;2.5KG CHARBON/BOIS GRILL.1ER P;2.5KG CHARBON/;2 ;1.77;0320742005;20;530;1 
175318;3073780807951;200G COUSTERON 50%MG          ;200G COUSTERON;1 ;1.74;0225281500;8 ;420;3 
076417;3760170269597;FER VAPEUR EVATRONIC 26959    ;FER VAPEUR EVA;2 ;8.5;0305550505;35;540;3 
323571;3218012005242;BLOC 3P 10/16A+T+PEPINTER     ;BLOC 3P 10/16A;2 ;3.74;0320721505;40;610;3 
353550;8713354058017;268G 2 CHEESBURGER TONY TIME  ;268G 2 CHEESBU;1 ;1.46;0240391015;52;380;4 
480381;3490900000106;PARAPLUIES ENFANT             ;PARAPLUIES ENF;2 ;3.59;0420972500;2 ;710;ZZ
575631;3256223376485;CULOT.BB 16KG ET + U TT PT X18;CULOT.BB 16KG ;2 ;3.74;0120161005;40;670;8 
003302;3511110003302;POCHETTES PRESSE 3.30E(CU)    ;POCHETTES PRES;6 ;2.26;0330010505;10;951;ZZ
039067;3029330001652;250G CANAPE ROND BRIOCHE FGRAS;250G CANAPE RO;1 ;1.04;0210210500;91;20 ;3 
099083;3266140058272;4X120G SUPREME SOUFFLE NATURE ;4X120G SUPREME;1 ;1.45;0240390520;34;380;3 
085424;3361291955026;250G ABRICOTS MOELLEUX        ;250G ABRICOTS ;1 ;2.4;0230361516;10;120;3 
159249;3481010092587;375G PRUNEAUX MI CUIT CAL33/44;375G PRUNEAUX ;1 ;2.42;0230362020;10;120;ZZ
101482;3760013551049;67G MINI FLEUR BONBONS        ;67G MINI FLEUR;2 ;1.45;0205202510;20;70 ;ZZ
490204;3760171490204;DELRIEU SPR. PROT.150ML S(CU) ;DELRIEU SPR. P;2 ;6.73;0120154505;99;650;ZZ
160949;5413588619062;210G TRIO TARTINABLE BARQUETTE;210G TRIO TART;1 ;1.79;0230350620;90;450;ZZ
073401;3256225426843;4L BTE HERM.RECT.VERT GRILLE U;4L BTE HERM.RE;2 ;3.38;0305581005;50;540;8 
328335;8032484860377;110G MORTADELLE REGINA IGP COR;110G MORTADELL;1 ;1.71;0245422005;11;380;4 
139079;3398920000017;2KG SACHET DE GLACONS         ;2KG SACHET DE ;1 ;1.6;0215253515;10;395;4 
673405;0000030045446;42G CUBE DE LEVURE MENAGERE   ;42G CUBE DE LE;1 ;0.18;0205201005;30;415;3 
447448;2295801000000; FRAIS EMB GORGONZ MASCARP X 6;FRAIS EMB GORG;1 ;0.0;0220272000;46;421;3 
160680;3293791250007;500G BOUQUET DATTE DEGLET NOUR;500G BOUQUET D;1 ;1.49;0230361560;10;120;ZZ
074538;3368950776824;300 SACS DE CAISSE 25L        ;300 SACS DE CA;2 ;18.7;0905050000;40;813;3 
480381;3490900000106;PARAPLUIES ENFANT             ;PARAPLUIES ENF;2 ;3.59;0420972510;2 ;710;ZZ
131518;3256225432677;180G BUCHE CHEVRE CARACT.25% U;180G BUCHE CHE;1 ;1.53;0220262505;80;430;8 
238352;3112301106910;25G BOCAL MORILLES            ;25G BOCAL MORI;1 ;10.88;0230362510;20;120;ZZ
676738;2861864000000;      FR.EMB.LONZU TR CORSE X6;FR.EMB.LONZU T;1 ;0.0;0245433000;70;380;4 
074740;3368950776824;SAC DE CAISSE 25L             ;SAC DE CAISSE ;2 ;0.06;0905051500;40;813;ZZ
010275;3021690010275;R&R.CHEZ RAYNAL CASSOUL.(CU)  ;R&R.CHEZ RAYNA;1 ;10.47;RAYNAL CAS;22;240;3 
649414;3760112650018;110G 16 TAPAS FROMAGERES 16%MG;110G 16 TAPAS ;1 ;1.73;0225284530;14;420;ZZ
